timestamp,value
1476523800,0.257858118373
1476523860,0.200366965916
1476523920,0.160685843756
1476523980,0.185330066995
1476524040,0.207144995055
1476524100,0.171579005203
1476524280,0.206169977482
1476583800,0.267803432695
1476583860,0.073029299798
1476583920,0.0879338551399
1476583980,0.21670701156599997
1476584040,0.184962532989
1476584100,0.259777889539
1476584160,0.19749397932399998
1476584220,0.028374497016
1476584280,0.0017078848184300002
1476584520,0.08431767249669997
1476584580,0.145811703962
1476584640,0.138718422624
1476584700,0.118804935143
1476584760,0.243405573136
1476584820,0.16716742773499998
1476584880,0.24166919426
1476584940,0.301107179501
1476585000,0.27059032079
1476585060,0.271449828331
1476585120,0.279560454053
1476585180,0.230400095369
1476585240,0.235150827968
1476585300,0.23042787743
1476585360,0.262545677465
1476585420,0.234796606677
1476585480,0.259354213095
1476585540,0.266442111658
1476585600,0.18815747011700001
1476585660,0.131582426365
1476590280,0.207206042667
1476590460,0.213098009325
1476591240,0.226615694818
1476591300,0.139928434757
1476608400,0.177065964561
1476608460,0.140541003937
1476608520,0.144340607302
1476656580,0.0002537662016
1476694860,0.146513204598
1476695100,0.129246498047
1476697380,0.185837634283
1476742740,0.000743036647754
1476742800,0.00029444135330299997
1476742920,0.0008426314660319999
1476743040,0.000725751452497
1476743280,0.000718443181243
1476743340,0.000832148718959
1476743580,0.0005668706819720001
1476784620,0.389352253128
1476784680,0.106175352856
1476784740,0.127844687069
1476784800,0.31506453362799997
1476784860,0.268912085608
1476784920,0.37768413067199996
1476784980,0.287131220132
1476785040,0.0412529299149
1476785340,0.122587215881
1476785400,0.211991742841
1476785460,0.20167901089600002
1476785520,0.172727324272
1476785580,0.353880857923
1476785640,0.24304025822099998
1476785700,0.351356383138
1476785760,0.43777167950400003
1476785820,0.393404035158
1476785880,0.394653650176
1476785940,0.406445471896
1476786000,0.334972541784
1476786060,0.341879504796
1476786120,0.33501293338000004
1476786180,0.38170814347800003
1476786240,0.34136451193800005
1476786300,0.377068158823
1476786360,0.387373064895
1476786420,0.273557119214
1476786480,0.191304176872
1476786540,0.147799145559
1476786600,0.173584888356
1476786660,0.123396392609
1476786780,0.147655143785
1476786960,0.169201985617
1476803520,0.10768238846200001
1476827580,0.00121744636095
1476827640,0.00120331819934
1476828300,0.0007288910439660003
1476828540,0.0007254026090010001
1476828600,0.000605051602674
1476842400,0.118933986601
1476847380,0.148438123013
1476876720,0.183139329837
1476935460,0.177400854318
1476956760,0.222579575562
1476956820,0.113211383461
1476956880,0.159454775057
1476957000,0.159918562486
1477117260,0.166340247993
1477132260,0.22899131903
1477132440,0.210534009625
1477132920,0.203888541014
1477220640,0.145290159299
1477220700,0.143569663174
1477220760,0.137304608397
1477220820,0.15620372809
1477220880,0.137512344699
1477382040,0.166220420252
1477382100,0.0889180967797
1477382160,0.047459965848199996
1477384380,0.13944423998299998
1477384440,0.0442851411857
1477387560,0.12887027033600001
1477468260,0.132484812226
1477468320,0.0433458800711
1477468380,0.0539997348789
1477482600,0.179649150653
1477482660,0.09992062066230001
1477487520,0.207644414911
1477487580,0.0566240892139
1477487640,0.0681805046815
1477487700,0.168026227187
1477487760,0.143412786878
1477487820,0.201421719303
1477487880,0.153129185451
1477487940,0.022000483092600002
1477488000,0.00132422388196
1477488300,0.113056749025
1477488360,0.107556893156
1477488480,0.188727258704
1477488540,0.129615150861
1477488600,0.187380937716
1477488660,0.233466851468
1477488720,0.209805260098
1477488780,0.210471688987
1477488840,0.216760354322
1477488900,0.178643314502
1477488960,0.182326848726
1477489080,0.203567754958
1477489140,0.182052199244
1477489200,0.20109321698199997
1477489260,0.206588899256
1477489380,0.10202391778999999
1477489440,0.07882236430180001
1477489560,0.0369766955102
1477534500,0.12794914908399999
1477648020,0.209693296798
1477648080,0.26122794655000003
1477648140,0.173311362007
1477648200,0.169913451928
1477648320,0.176364789133
1477648380,0.155696335225
1477731420,0.237541473131
1477731480,0.113149638162
1477731660,0.149927684743
1477731720,0.149050866614
1477823520,0.151813881529
1477823580,0.160290778497
1477823640,0.160961255697
1477823700,0.148474577158
1477823760,0.153730078856
1477824000,0.17102730921300002
1477866720,0.0009395925159119999
1477866780,0.000444949879911
1477890300,0.141180241018
1477890360,0.14997574213099998
1477890480,0.163149667275
1477890660,0.131990478815
1477890720,0.470059701418
1477890780,0.0846521873469
1477891560,0.165797401075
1477892340,0.167444020927
1477892640,0.162127294151
1477892880,0.184092855103
1477892940,0.122081769915
1477893120,0.17553410391
1477893180,0.0811731231131
1477893360,0.0535015025572
1477893960,0.35864132372699997
1477894020,0.0830719541048
1477894080,0.0825020149096
1477894260,0.162813385756
1477894320,0.0821506587016
1477894380,0.0792207576499
1477894860,0.143078105684
1477895340,0.16586214493100002
1477895460,0.0640991054079
1477895760,0.18758032637400002
1477895820,0.07892071336350001
1477895880,0.0752988261167
1477895940,0.145822472104
1477896000,0.11532135178899999
1477896060,0.137551686121
1477896120,0.0864900431549
1477896180,0.0808312369021
1477896240,0.13674480374
1477896300,0.14610560568199998
1477896720,0.15958585623299998
1477896780,0.069875996723
1477896840,0.0887181981171
1477896900,0.298192788011
1477896960,0.0628102195166
1477897020,0.19422188637600002
1477897080,0.11478020911499999
1477897140,0.125017468924
1477897200,0.053488747051099995
1477897260,0.0893830305456
1477897560,0.19102238031399998
1477897620,0.106577065965
1477897680,0.0584152713064
1477897740,0.0675518855689
1477897860,0.294712081022
1477897920,0.154153170312
1477897980,0.09384194955060003
1477898040,0.115676959832
1477899240,0.15337044608699998
1477899300,0.0707890783536
1477899360,0.053819520510999995
1477899420,0.10791349510600001
1477899480,0.106229188532
1477900080,0.142179422314
1477900140,0.125346019833
1477900200,0.08937259422260001
1477900260,0.07352262192049999
1477900320,0.0737013922682
1477900380,0.09873726146939996
1477900860,0.27450909906800003
1477900920,0.0806707301195
1477900980,0.097445283334
1477901040,0.0840239786815
1477901100,0.0777786124225
1477901160,0.0817415161867
1477902240,0.129601720437
1477902360,0.0581688581243
1477903260,0.136185300868
1477903320,0.0476097150564
1477903380,0.18805575886700002
1477903440,0.0788695947072
1477903500,0.0756033155038
1477903560,0.0969785477774
1477903620,0.0393116786742
1477903680,0.0562686742759
1477904280,0.227776597497
1477904340,0.0623028982593
1477904400,0.0732743727185
1477904460,0.0546011817776
1477904520,0.09069066316539999
1477904580,0.0312782224066
1477904880,0.137663779961
1477904940,0.0713117641975
1477905000,0.060252933849300014
1477905180,0.0858976851918
1477906380,0.141400563393
1477906440,0.0407055075914
1477906500,0.0744916538382
1477906560,0.08209345219030001
1477906680,0.0425444263583
1477907520,0.11712838179099999
1477907580,0.125998290021
1477907640,0.045791282405
1477907700,0.045426784160599996
1477909260,0.210854293008
1477909320,0.10649009660700001
1477909380,0.054454010296800005
1477909440,0.045056874489599996
1477909680,0.125049357688
1477909740,0.0434489076855
1477909800,0.0604243601179
1477911180,0.213605423711
1477911240,0.250672730585
1477911300,0.05630191589750001
1477911360,0.09782311687999999
1477911540,0.12317565117799999
1477911600,0.0692085552137
1477912860,0.155290536255
1477912920,0.0500392523994
1477912980,0.0685859512402
1477914300,0.108509718374
1477914960,0.120448678629
1477915020,0.0634408439975
1477918980,0.153674838841
1477919040,0.0503880961592
1477919100,0.0470436411658
1477922040,0.11791980295299999
1477922100,0.052010557856400005
1477922160,0.0404001485107
1477922220,0.0204493776949
1477953900,0.000566364858902
1477990860,0.0862000826759
1477990920,0.09681451816860001
1477990980,0.09005515215679999
1478064300,0.141191597058
1478094180,0.14038001266300001
1478166060,0.17677293602400002
1478172840,0.170895969637
1478237100,0.160822415985
1478237160,0.06979746146589999
1478246220,0.133533959042
1478252640,0.285762109666
1478252700,0.134619734425
1478252880,0.15152992292300002
1478252940,0.155061091217
1478316960,0.241357820984
1478317020,0.150924679456
1478317080,0.131871719781
1478317140,0.16711764572499999
1478317200,0.144680555289
1478317260,0.18787488030299998
1478317620,0.193306373545
1478323080,0.252217319033
1478323140,0.09904415137710001
1478323200,0.134110597342
1478340300,0.248823071811
1478340420,0.214111399682
1478340840,0.214182912599
1478340900,0.220990593435
1478341020,0.21790332849
1478344260,0.23663448004
1478344320,0.215485843059
1478344380,0.163516708731
1478401740,0.153976362365
1478470920,0.000480863317885
1478471160,0.00101843114614
1478471280,0.000829881236232
1478491080,0.23284276200999998
1478491140,0.0634956141451
1478491260,0.188416774556
1478491320,0.16081641085599999
1478491380,0.22586492145599998
1478491440,0.171711926928
1478491500,0.024670317494299997
1478491560,0.00148492500046
1478491860,0.126776566172
1478491920,0.12060928437799999
1478492040,0.211629945559
1478492100,0.145344385511
1478492160,0.210120244011
1478492220,0.26179883770199996
1478492280,0.235265832995
1478492340,0.236013135262
1478492400,0.243064951192
1478492460,0.200322280966
1478492520,0.204452824401
1478492580,0.2003464361900001
1478492640,0.228271385723
1478492700,0.204144845284
1478492760,0.22549655427700002
1478492820,0.23165915599800002
1478492880,0.163594261704
1478492940,0.114404863927
1478513460,0.17728050331099998
1478513640,0.15395438522399998
1478581860,0.15581686065300002
1478581920,0.0886821041542
1478581980,0.13224027293500001
1478587680,0.14026140587400002
1478587740,0.15667135279799999
1478587800,0.037240770037099996
1478587860,0.04753915332190002
1478606880,0.17059701075999995
1478606940,0.08116696870699999
1478607000,0.118066761668
1478678340,0.135963305153
1478682060,0.21352185417300001
1478682120,0.13826776529100002
1478682960,0.17784039712299998
1478683080,0.11532328198899999
1478683260,0.127562107224
1478692920,0.142485277234
1478692980,0.151362081835
1478693040,0.0936470527401
1478693100,0.164657783562
1478693280,0.133210567088
1478693340,0.474404819944
1478693400,0.08543469188539997
1478693460,0.0898419834334
1478693520,0.11688278609200001
1478693820,0.14517699122000002
1478693940,0.126514440919
1478694180,0.167329992374
1478694240,0.09393280353639999
1478694300,0.121868308518
1478694960,0.168991833182
1478695020,0.08935191594149999
1478695260,0.16362595986700001
1478695380,0.167197357192
1478695440,0.09531689067
1478695500,0.18579456515999998
1478695560,0.12321026447599999
1478695620,0.0981919532893
1478695740,0.177156698939
1478695800,0.081923468022
1478695860,0.101018252974
1478695980,0.0539960576879
1478696040,0.106172495154
1478696220,0.132562020059
1478696280,0.12595951872400002
1478696580,0.361956517677
1478696640,0.0838398513489
1478696700,0.0832646437732
1478696760,0.11225810938200001
1478696820,0.0688606580704
1478696880,0.164318393537
1478696940,0.0829100397134
1478697000,0.07995305536389999
1478697120,0.09795399016889997
1478697180,0.08553777672900001
1478697480,0.144400685302
1478697540,0.144195880977
1478697960,0.167395334706
1478698080,0.0646916222205
1478698380,0.189314273774
1478698440,0.07965023754039999
1478698500,0.0759948704428
1478698560,0.14717041998299998
1478698620,0.11638735467700001
1478698680,0.138823180851
1478698740,0.08728953638869999
1478698800,0.0815784214975
1478698860,0.138008839845
1478698920,0.147456170779
1478699340,0.161061029511
1478699400,0.0705219137237
1478699460,0.0895382878772
1478699520,0.300949210295
1478699580,0.0633908221791
1478699640,0.196017226754
1478699700,0.115841209811
1478699760,0.126173100377
1478699820,0.053983184273300004
1478699880,0.0902092658562
1478700180,0.192788145229
1478700240,0.107562238787
1478700300,0.0589552481289
1478700360,0.06817631904719999
1478700480,0.29743632849199997
1478700540,0.155578125154
1478700600,0.0947094020317
1478700660,0.11674624987500001
1478701860,0.154788165614
1478701920,0.07144343566039997
1478701980,0.054317015323
1478702040,0.108911021556
1478702100,0.107211145659
1478702700,0.14349369472
1478702760,0.12650468833200001
1478702820,0.09019873306230004
1478702880,0.0742022474439
1478702940,0.0743826703016
1478703000,0.0996499650316
1478703480,0.27704659505
1478703540,0.08141643102889999
1478703600,0.0983460441625
1478703660,0.0848006762106
1478703720,0.0784975792942
1478703780,0.0824971151838
1478704860,0.130799727605
1478705880,0.137444165063
1478705940,0.048049807926400005
1478706000,0.189794101049
1478706060,0.07959864635569999
1478706120,0.0763021744561
1478706180,0.097874994215
1478706240,0.0396750664997
1478706300,0.0567888084739
1478706900,0.22988210952100002
1478706960,0.0628788113665
1478707020,0.0739517034863
1478707080,0.05510590207769999
1478707140,0.09152898591610001
1478707200,0.0315673509024
1478707500,0.138936310859
1478707560,0.071970953086
1478707620,0.0608098975806
1478707800,0.0866917028115
1478709000,0.142707636216
1478709060,0.0410817796347
1478709120,0.07518023685860001
1478709180,0.0828523043989
1478709300,0.0429376969227
1478710140,0.11821108842900001
1478710200,0.127162987948
1478710260,0.0462145661226
1478710320,0.0458466985446
1478711880,0.212803379334
1478711940,0.107474465505
1478712000,0.0549573701791
1478712060,0.0454733695179
1478712300,0.126205283914
1478712360,0.043850539057
1478712420,0.0609829084724
1478713800,0.21557994082600002
1478713860,0.252989888933
1478713920,0.05682235737290001
1478713980,0.09872737031050001
1478714160,0.124314257313
1478714220,0.0698483025462
1478715480,0.15672600463199998
1478715540,0.0505018033259
1478715600,0.06921994337189999
1478716920,0.109512756168
1478717580,0.12156207728900001
1478717640,0.0640272760004
1478721600,0.155095372102
1478721660,0.050853871713199994
1478721720,0.047478501385399996
1478724780,0.119009825296
1478724840,0.0524913310544
1478724900,0.0407735978886
1478724960,0.0206384069654
1478746080,0.152500056687
1478747340,0.138150379455
1478756580,0.141621546667
1478756640,0.0677408546317
1478759940,0.11951481102299999
1478774640,0.22772327291900002
1478774700,0.113162719793
1478774760,0.145010212393
1478774940,0.17493104236200002
1478793600,0.137114837535
1478837400,0.235254804011
1478837460,0.12030232521600001
1478844000,0.161411612651
1478844060,0.093005670451
1478844120,0.0853860563766
1478846100,0.185424254739
1478846160,0.100857963138
1478846220,0.0488621422828
1478848560,0.121459613516
1478855580,0.200630342756
1479006660,0.164400329308
1479030720,0.221381298151
1479030900,0.20057278357900002
1479122220,0.163966367998
1479132900,0.137616300061
1479176700,0.100183997502
1479267720,0.147840902947
1479294720,0.216279462014
1479294780,0.0866860216667
1479294840,0.11618213467800001
1479335280,0.0007733860319580001
1479335340,0.000934394747812
1479376380,0.18254978432799998
1479391560,0.122533877064
1479391620,0.0637092703415
1479473280,0.20113093317400002
1479473340,0.065554303595
1479473400,0.0763194394783
1479605280,0.0013355761989
1479605340,0.0010967329687
1479605460,0.0011139157621
1479605640,0.0011154214708
1479605760,0.00109970385356
1479605820,0.000836078729822
1479606060,0.00134621223693
1479606120,0.0009465223879119999
1479606180,0.0012081388992499999
1479606240,0.00120753691601
1479606300,0.00119494180535
1479606480,0.0008308410252810001
1479606660,0.0013884021046300001
1479606720,0.001142169943
1479606780,0.00114494717241
1479606960,0.000914381587046
1479607020,0.000955304437659
1479607080,0.0007786125991749999
1479607140,0.0007750802636110001
1479607200,0.0007078157673739999
1479607260,0.0012714957586500001
1479607380,0.00125321708554
1479607500,0.0013053104031900001
1479607560,0.00120828751855
1479607620,0.00126985193908
1479607680,0.00131321424796
1479607740,0.0008058594714639999
1479607800,0.00122449753106
1479607860,0.000927213888112
1479607980,0.00133276744419
1479608040,0.00115520490676
1479608160,0.00103525711927
1479608220,0.0010288019374099999
1479608280,0.00107431547317
1479608340,0.00122809591965
1479608400,0.0014026095095599999
1479608460,0.0013928606837300002
1479608520,0.0009759610196260001
1479608580,0.0007806632453210003
1479608640,0.0010403432021000001
1479608820,0.0009036464694860001
1479608880,0.0010255908597300001
1479608940,0.0009679595965239999
1479609060,0.0010170760244899999
1479609120,0.00117994176414
1479609180,0.00122218867764
1479609240,0.0006560542160490001
1479609300,0.0009559334425900001
1479609360,0.00128024027827
1479609420,0.00112475746522
1479609480,0.0008790582313999999
1479609660,0.0014161593866500002
1479609780,0.0007396082886609999
1479609900,0.00122523612396
1479609960,0.00117449389089
1479610140,0.0008741267726969999
1479610200,0.0006533955818430001
1479610260,0.0009386410612169999
1479610320,0.000858002328881
1479610440,0.000842338755026
1479610500,0.0008069073126130001
1479610560,0.000888095486011
1479610620,0.0009281941750319999
1479610680,0.0012879414603599998
1479610920,0.000848221977753
1479611160,0.000929263033053
1479611280,0.0009006695798019998
1479611400,0.0011078238718699998
1479611460,0.0009360229595499999
1479611520,0.000778192261751
1479611580,0.00105968322721
1479611640,0.00133441876978
1479611700,0.000924625810545
1479611760,0.00086514956629
1479611820,0.000633995508532
1479611880,0.0010075433722
1479611940,0.000845203054327
1479612000,0.000726658893599
1479612060,0.0008481454162939997
1479612180,0.00119390297143
1479612240,0.000853142928021
1479612300,0.0006177704839750001
1479612360,0.000843568241989
1479612480,0.000880136096652
1479612540,0.0009308347947769999
1479612600,0.000802738466093
1479612660,0.00109352339223
1479612720,0.00102395154378
1479612780,0.000733965258746
1479612900,0.00063235018776
1479612960,0.0011572240275899998
1479613020,0.001275319328
1479613080,0.0008997613507260002
1479613140,0.0006609181205240001
1479613200,0.0011988449385699998
1479613260,0.0010390716813900001
1479613320,0.0007913203002180001
1479613440,0.000542956427368
1479613500,0.00067757999576
1479613560,0.0008387193495660003
1479613680,0.00132245416526
1479613740,0.00115517488265
1479613800,0.000616647582572
1479613860,0.000867949313773
1479613920,0.00108963376986
1479614100,0.0007113586113739999
1479614160,0.0007056960657939999
1479614220,0.000773654118779
1479614340,0.0005572674154409999
1479614400,0.0007787176835310001
1479614580,0.00090966780308
1479614640,0.000480766004319
1479614700,0.000635187465369
1479614760,0.000836332433482
1479614820,0.0007704280290519999
1479614940,0.0008442212662019999
1479615000,0.000813901427103
1479615060,0.0007998516487150001
1479615120,0.00079286504025
1479615180,0.000500919682582
1479615240,0.0007960866263619999
1479615300,0.00084736779206
1479615360,0.0006926490924019999
1479615420,0.0007745593454460001
1479615480,0.00103504845176
1479615540,0.0007270912406639999
1479615600,0.0009480596219199999
1479615660,0.0005796113519240001
1479615840,0.0008459356424089997
1479615900,0.0006999494527290001
1479615960,0.0007139241708639999
1479616020,0.0007091023001310001
1479616080,0.000744613306414
1479616200,0.000674969400118
1479616260,0.0009386860973689999
1479616320,0.00061695683082
1479616380,0.00069386807093
1479616440,0.00079587645765
1479616500,0.0013798302236
1479616560,0.0008418133332469999
1479616620,0.00092453573824
1479616680,0.000727811819104
1479616740,0.000907440014735
1479616800,0.0006872792818130001
1479616860,0.000645943599803
1479616980,0.000867857740263
1479617040,0.000771767103989
1479617100,0.000910193224859
1479617220,0.0008123131521239999
1479617280,0.0008843574853489998
1479617340,0.00120565890845
1479617400,0.0007845873954119999
1479617460,0.000567409556995
1479617520,0.000706251511675
1479617580,0.0009655381527219999
1479617940,0.000576880659874
1479618780,0.0008366041516020001
1479618840,0.000563234705655
1479618900,0.0005715964179759999
1479619200,0.00092311860064
1479619260,0.000861238927043
1479619380,0.000777351586903
1479619680,0.000637196077773
1479619800,0.000632194062431
1479619860,0.0005530415231269999
1479619920,0.0007304989762050001
1479619980,0.0005626041995180001
1479620040,0.000928102601521
1479620400,0.0008876151003849998
1479620460,0.0005965599573309999
1479620640,0.000621181221929
1479620700,0.0011677549812600001
1479620820,0.000635200976216
1479620880,0.0013528235441199999
1479620940,0.00113013478184
1479621000,0.000876594753856
1479621060,0.0005584458614319999
1479621120,0.0008769235177689999
1479621180,0.0005701102249430001
1479621240,0.0007233682520530001
1479621360,0.000741812057725
1479621540,0.0006815296663380001
1479621600,0.0006348857231469999
1479621660,0.0004990732003290001
1479621840,0.000676605713661
1479621900,0.0005751542740269999
1479621960,0.00079693330603
1479622020,0.000882841268214
1479622140,0.000534516652381
1479622200,0.000647691002522
1479622320,0.000824929279657
1479622380,0.000526560265432
1479622500,0.000569413665784
1479622560,0.000424535365455
1479622620,0.0003299249173959999
1479622680,0.0008733086159249999
1479622740,0.0007176201377829999
1479622800,0.000562439066959
1479622860,0.00048215461902299995
1479622920,0.000572734331431
1479622980,0.0007900517819199999
1479623040,0.00039999366473
1479623100,0.000584221552739
1479623160,0.00087089167574
1479623220,0.000624784114131
1479623280,0.00031463514360500003
1479623460,0.000502045586395
1479623520,0.0006783621236089999
1479623580,0.000565169759008
1479623700,0.000680690492696
1479623760,0.00131716992336
1479623820,0.000945507573275
1479623880,0.0005546838414909999
1479623940,0.000708311165052
1479624000,0.0004952301153100001
1479624060,0.0005670327545190001
1479624120,0.000358575416439
1479624180,0.000338174039336
1479624240,0.0009014577124710001
1479624300,0.000672205681556
1479624360,0.000649644070337
1479624420,0.0008448157434150001
1479624480,0.0005856627096209999
1479624540,0.000569865528514
1479624600,0.0005078492452539999
1479624660,0.0005878514666340001
1479624720,0.000814851689922
1479624780,0.000897039665907
1479624900,0.0007469521839349999
1479624960,0.000559193461565
1479625020,0.000597176952622
1479625080,0.000602881531944
1479625200,0.000610657774284
1479625260,0.0006743989421860001
1479625380,0.00048427131819199997
1479625500,0.0007827709372589999
1479625560,0.0007308142292739999
1479625620,0.0006961063677120001
1479625680,0.00059785249491
1479625740,0.000950515593439
1479625800,0.000668018820576
1479625860,0.000679713208186
1479625920,0.0006522711792359999
1479625980,0.0005939043255369999
1479626040,0.000824921773632
1479626100,0.00043789909312199997
1479626160,0.000791703107514
1479626340,0.0007847825520730001
1479626400,0.000618884378148
1479626460,0.0005998641097230001
1479626520,0.0005090412020919999
1479626580,0.000698581854897
1479626640,0.0005065341896
1479626700,0.0007989374148189997
1479626760,0.0009347079038949999
1479626820,0.000498204002583
1479626880,0.000600584688164
1479626940,0.00042874174210300004
1479627000,0.000477335750699
1479627060,0.000499013152125
1479627120,0.000602175965553
1479627180,0.00043199935713699995
1479627240,0.00046265396497099996
1479627300,0.0007080109240339999
1479627360,0.000716312588154
1479627420,0.0006402315144550001
1479627480,0.0005209307463630001
1479627540,0.0008356283682969999
1479627600,0.000277960703384
1479627660,0.00064722713015
1479627720,0.000342047148456
1479627780,0.000495290163515
1479627840,0.00111719439401
1479627900,0.00036905382793099995
1479627960,0.000618058715352
1479628020,0.0004746786176990001
1479628140,0.000989680532897
1479628260,0.000598993410774
1479628320,0.00024657050505900004
1479628380,0.0005572418949550001
1479628440,0.000568293766789
1479628560,0.000807976170633
1479628620,0.0006276063796919999
1479628680,0.00031766757787700004
1479628740,0.000847352780009
1479628800,0.000391436795745
1479628860,0.00016145217675
1479628920,0.00044795716719
1479628980,0.00082048120899
1479629040,0.000519849878702
1479629100,0.0006031217247569999
1479629160,0.000418026140209
1479629220,0.0006418227918450001
1479629280,0.000770401007361
1479629400,0.000579928106197
1479629520,0.0005463911846030001
1479629580,0.00039067118115300014
1479629640,0.000574824008909
1479629700,0.00025560775966999995
1479629760,0.000698823548916
1479629820,0.000586908709842
1479629880,0.000307369310996
1479629940,0.00047361276208899997
1479630000,0.00041792105585199997
1479630060,0.00029565991133300004
1479630120,0.00026309877304400004
1479641880,0.196348288835
1479641940,0.1034481261
1479680820,0.00018363121660900004
1479681000,0.000209114234036
1479723240,0.170899458072
1479766020,0.000695227646545
1479766080,0.000481561004879
1479766140,0.00022481219138299999
1479766320,0.00018923015473
1479766500,0.000671855132273
1479766560,0.0008218578358099999
1479766620,0.000209288655784
1479766680,0.000521329163491
1479766740,0.0006900124362710001
1479766800,0.000977093191796
1479766860,0.000467607265015
1479766920,0.000832602215505
1479766980,0.00037910566992800014
1479767040,0.00111785154267
1479767160,0.0008223811010549999
1479788640,0.132218470217
1479791160,0.132753247297
1479797040,0.010224948401200001
1479797100,0.0006154377510499999
1479797760,0.10850618478700001
1479820260,0.123346507989
1479873900,0.171802265041
1479873960,0.118451187202
1479892020,0.130335761865
1479896940,0.00178737296414
1479897540,0.121912761218
1479898680,0.162457968719
1479981720,0.269012389177
1479981780,0.0733589791444
1479981840,0.0883308187531
1479981900,0.217685301305
1479981960,0.18579751728100002
1479982020,0.26095061596999997
1479982080,0.198385534856
1479982140,0.028502589290900007
1479982200,0.00171559487409
1479982440,0.08469831142310001
1479982500,0.146469948005
1479982560,0.139344645165
1479982620,0.119341261383
1479982680,0.244504389323
1479982740,0.167922078828
1479982800,0.24276017184
1479982860,0.302466480501
1479982920,0.271811858237
1479982980,0.272675245891
1479983040,0.280822485754
1479983100,0.231440200376
1479983160,0.2362123794090001
1479983220,0.23146810785500002
1479983280,0.263730898638
1479983340,0.235856559043
1479983400,0.260525026905
1479983460,0.26764492266999995
1479983520,0.18900687745
1479983580,0.132176434575
1479992700,0.13186666155
1480071180,0.238751960064
1480071240,0.135550797718
1480071300,0.127033260483
1480147380,0.141757072366
1480219200,0.215447470274
1480219260,0.15481986593900002
1480284600,0.00026248728901499997
1480285260,0.000275568920138
1480285860,0.00024696375341599994
1480286220,0.000518538415518
1480286400,0.00023632402677000009
1480306140,0.18984410184099998
1480306200,0.061204748457699985
1480314600,0.11353720328700001
1480321440,0.141122351624
1480321500,0.0381700891121
1480322820,0.12415198762299999
1480335060,0.13854823546199999
1480335660,0.12497246752699999
1480335720,0.130574196395
1480335780,0.059089884759599996
1480335840,0.0527569799223
1480336620,0.104243663694
1480336680,0.049071971645999996
1480337220,0.11298341423599999
1480369680,0.000258126745308
1480369860,0.000868428442606
1480369980,0.00028385395318199994
1480370040,0.000241556679219
1480370100,0.0004899332487969999
1480370160,0.0009212782323400001
1480370340,0.00205624054852
1480370460,0.00033993054525999997
1480370520,0.000528480455171
1480370580,0.00119808554689
1480370640,0.00047092127823199995
1480370880,0.00020893981228699998
1480370940,0.00013254308653199998
1480371000,0.00043080427612400004
1480371060,0.00015329927458
1480371240,0.000599121263232
1480371300,0.0006575525489119999
1480371420,1.91689501381e-05
1480371480,0.0005682486137829999
1480371540,0.00018713709374999999
1480371600,0.000760112536912
1480371720,0.0007391644849410003
1480371780,0.00012975233856
1480371840,0.000158671464428
1480371960,0.00120296935584
1480372020,0.0007845315816739999
1480372080,0.000616563438062
1480372140,0.0013339600888199999
1480372200,0.0010426757691599999
1480372260,0.0007951713083200001
1480372320,0.0009444937670389999
1480372380,0.00035388428512400004
1480372440,0.00029527857769499997
1480372500,0.00136570484701
1480372620,0.0007140651953610001
1480372680,0.0010881998454600002
1480372740,0.000277138715872
1480372860,0.0007988341650339999
1480372920,0.000630691599674
1480372980,0.00137791436939
1480373040,0.000637842891354
1480401840,0.20786324943
1480401900,0.037433702422199996
1480401960,0.0393647831092
1480405080,0.1585933651
1480405140,0.036734913670699997
1480405200,0.036482883091699995
1480408020,0.131862654921
1480408080,0.0277750513914
1480408140,0.0858860898037
1480408980,0.130323465119
1480409040,0.0681674598373
1480411980,0.12138958361199999
1480412040,0.0356730778186
1480412100,0.0430908872833
1480422360,0.110848996481
1480422420,0.0248970399436
1480457400,0.0008626725249119999
1480457460,0.000829881236232
1480457520,0.000864242320646
1480457640,0.000882556604218
1480457700,0.000226556408866
1480457760,0.000102716967573
1480457820,0.00026091749328
1480482540,0.15893081212500001
1480482600,0.0553945856001
1480482660,0.053915838018
1480483320,0.11758483437799999
1480498080,0.178213659665
1480498140,0.12455176227
1480500540,0.00154498629394
1480501080,0.115401946198
1480501140,0.115433516534
1480507980,0.158167019289
1480508280,0.0535743202348
1480543620,0.000913603675415
1480544160,0.000699064925007
1480559460,0.129331790282
1480575120,0.124719207149
1480575180,0.07284722573489999
1480583040,0.13775182576
1480592100,0.161113700305
1480599360,0.144636601009
1480629960,0.00053371310762
1480673940,0.21665272455499998
1480736340,0.11576945282199999
1480736400,0.123897157449
1480736460,0.117475820785
1480736520,0.165925996341
1480736580,0.132482021478
1480736700,0.154101073915
1480736760,0.119889817782
1480736820,0.156093144702
1480737660,0.19184471929400002
1480737720,0.106028870288
1480737780,0.143427858293
1480737900,0.112304739213
1480737960,0.11214078277
1480756680,0.21277532909000002
1480756740,0.126222024932
1480756800,0.158881276349
1480756980,0.162384886007
1480758780,0.213846278625
1480820940,0.102599738716
1480830300,0.164382363868
1480830360,0.0694796650405
1480851720,0.162662391008
1480890720,0.000576969701198
1480890960,0.00053371310762
1480891080,0.0008977836228439998
1480891140,0.000749821653762
1480891200,0.0002281262046
1480891260,0.0008935451743610002
1480891320,0.000171578673802
1480891380,0.000358593672328
1480891440,0.000936958747512
1480891500,0.0005921443933
1480891620,0.0008399976976330001
1480891860,0.000534236372865
1480891920,0.000399233939681
1480892760,0.000447025498715
1480937340,0.121324785505
1480944120,0.137213909088
1480944180,0.0198575497582
1481003820,0.0973835111468
1481003940,0.0106368006461
1481004000,0.000640227721686
1481004660,0.11287671508099999
1481061900,0.0008084099190160001
1481062320,0.000932266802483
1481062440,0.000275394498389
1481062620,0.000595632828266
1481062680,0.000500049710198
1481092320,0.12410332395500001
1481103840,0.0015198643044699999
1481159820,0.29539891125900003
1481159880,0.166709847677
1481159940,0.0218295620444
1481160000,0.026068359371599997
1481185620,0.14492753648499998
1481265420,0.11716133837300001
1481266620,0.125148807915
1481266680,0.0285798581253
1481267880,0.128968120937
1481268480,0.149794426527
1481268540,0.0618424343695
1481272620,0.140160066838
1481272980,0.135264222785
1481274600,0.191638901631
1481274660,0.163434381666
1481276340,0.195190128427
1481276940,0.20635660875300002
1481277000,0.192437753239
1481277900,0.189722006618
1481279400,0.239238596742
1481279460,0.156667166676
1481281020,0.20608276660799998
1481281440,0.18974991409699998
1481286240,0.146797860892
1481286420,0.145585455319
1481301840,0.0966045143837
1481333280,0.126759767182
1481336220,0.118964335985
1481336640,0.17024084155000002
1481336700,0.11331254807499999
1481336760,0.08460429810070001
1481338560,0.15887743907
1481338620,0.157033975612
1481339700,0.188518496554
1481339760,0.131003273896
1481340480,0.19312846336199999
1481340600,0.178754367085
1481340660,0.14870533713099998
1481342220,0.217071336751
1481342280,0.12106873437799999
1481342340,0.176425836745
1481342460,0.22891108502500002
1481342520,0.125474453319
1481342580,0.157915154285
1481343000,0.196318637138
1481343060,0.17429230992
1481344320,0.212616605299
1481344380,0.134912762963
1481344440,0.12254940060000001
1481345880,0.198601817823
1481345940,0.14186416731899998
1481346000,0.12980831049900002
1481348280,0.206560682198
1481348340,0.1261030693
1481348400,0.09336724673530004
1481348520,0.132849004837
1481351040,0.14194945955399998
1481356080,0.134427172815
1481358360,0.186339968918
1481358420,0.10011893819
1481359320,0.152692792719
1481364720,0.212156131884
1481366160,0.21015551443100008
1481415540,0.00029173602161999997
1481415600,0.000287182353914
1481415660,0.00029147215447099993
1481415720,0.000234266801887
1481415780,0.000164708809228
1481415840,0.00021023790990400002
1481415900,0.00021013314680900009
1481415960,0.000207941220701
1481416020,0.00017369439999500002
1481416080,0.000123819851531
1481416140,0.000144576790883
1481416200,0.00038437690334800016
1481416260,0.0003388663517479999
1481416320,0.00024160910121
1481416380,0.00019875733769099998
1481416440,0.000199240658704
1481416500,0.000266927284651
1481416560,0.000277074413378
1481416620,0.00015911534820700006
1481416680,0.00016623714864700002
1481416740,0.000135487482039
1481416800,0.00013487274996099998
1481416860,0.000123166715027
1481416920,0.000221263899109
1481416980,0.0007421415673280001
1481417040,0.00021808286308099996
1481417100,0.000263434310628
1481417160,0.00022714865901099997
1481417220,0.00021026377411
1481417280,0.00022097782532
1481417340,0.00022852416448799999
1481417400,0.000140229253058
1481417460,0.00021308480129700002
1481417520,0.000161348552542
1481417580,0.00024923512303
1481417640,0.00023192700567400002
1481417700,0.000201025811396
1481417760,0.000273132081439
1481417820,0.000180151307474
1481417880,0.00017902791268599994
1481417940,0.00018694862969900001
1481418000,0.00021371102857700006
1481418060,0.00024408161475999998
1481418120,0.000242385027375
1481418180,0.00016983201196500006
1481418240,0.000135844355824
1481418300,0.00018103643806399998
1481418360,0.0003503720044019999
1481418420,0.000189230166135
1481418480,0.000157247116551
1481418540,0.000178469089095
1481418600,0.000168439524939
1481418660,0.00025085725285199997
1481418720,0.00017698725299400002
1481418780,0.000205330764723
1481418840,0.00021268299172
1481418900,0.000114158656364
1481418960,0.00016634661432499996
1481419020,0.00022278570716299998
1481419080,0.000195727045568
1481419140,0.00015296802743200002
1481419200,0.000294343342543
1481419260,0.00026436437700900003
1481419320,0.00024643969879299996
1481419380,0.0003681712804110001
1481419440,0.00012869956498
1481419500,0.000508407525458
1481419560,0.00021321333856099997
1481419620,0.000204382671773
1481419680,0.000262172450901
1481419740,0.00010626510983100001
1481419800,0.00015210980606600002
1481419860,0.00011369597446400001
1481419920,0.000163337222569
1481419980,0.00014930367038999999
1481420040,0.00011201636863
1481420100,0.00014657773987600001
1481420160,0.00014041160877
1481420220,0.000154540780133
1481420280,0.00016151915179700001
1481420340,0.000224125943271
1481420400,0.000615796229447
1481420460,0.000168423849663
1481420520,0.00019808617461900002
1481420580,0.00014760159666
1481420640,0.000245172613975
1481420700,8.45459697811e-05
1481420760,0.000186851181732
1481420820,0.000161705165073
1481420880,0.000265968480263
1481420940,0.000156729048676
1481421000,0.000372168475814
1481421060,0.000192780093661
1481421120,0.000162881594544
1481421180,0.00013541433075000002
1481421240,0.00018440218109699999
1481421300,0.000232214385735
1481421360,0.000160898149609
1481421420,0.000150547503548
1481421480,0.000110319781248
1481421540,0.000175328286273
1481421600,0.000147076213656
1481421660,0.000126445982786
1481421720,0.000147588272676
1481421780,0.000101720324781
1481421840,0.000207760432517
1481421900,0.00014845798924399998
1481421960,0.000107496141514
1481422020,0.000146791707395
1481422080,9.4269082289e-05
1481422140,0.000153155608236
1481422200,0.00016197869864100002
1481422260,0.000139686104741
1481422320,0.00019029138232499999
1481422380,0.00017818379907
1481422440,0.00012771750893200001
1481422500,0.00038227119125899996
1481422560,0.00011003344620399999
1481422620,0.000201377198836
1481422680,0.00022192931458000004
1481422740,0.00015657098964200002
1481422800,0.00011500512127299996
1481422860,0.00020862048266499997
1481422920,0.00018081515541699998
1481422980,0.000137699002241
1481423040,8.84329157438e-05
1481423100,9.4476257188e-05
1481423160,0.00011790478609600001
1481423220,0.000145947855032
1481423280,0.000280162442768
1481423340,0.00023013218656200009
1481423400,0.000201020586305
1481423460,0.00010730072307200001
1481423520,0.00015103474338
1481423580,0.000189614471654
1481423640,0.00031664926042699996
1481423700,0.000340629820309
1481423760,0.00012378327588700002
1481423820,0.000122797823529
1481423880,0.00013462455808899994
1481423940,0.00021399344480200002
1481424000,9.69667973052e-05
1481424060,0.00013550576986100002
1481424120,0.00019219801840799998
1481424180,0.000179744795314
1481424240,0.000158295008758
1481424300,8.36532628075e-05
1481424360,0.00011052721740100001
1481424420,0.000145532460215
1481424480,0.00013406312195100002
1481424540,0.00024341123545200004
1481424600,0.00014690535314700002
1481424660,0.00014162879395800002
1481424720,0.00013918371214200002
1481424780,0.000137967833226
1481424840,8.71606058341e-05
1481424900,0.00013852848560100002
1481424960,0.000147452942792
1481425020,0.000120527259787
1481425080,0.000134782094614
1481425140,0.000180114993084
1481425200,0.000126521224112
1481425260,0.00016497633394
1481425320,0.000100855310795
1481425380,0.0005700453236150001
1481425440,0.000287887741338
1481425500,0.00014720370590200001
1481425560,0.00012179774091399999
1481425620,0.000124229760001
1481425680,0.00012339061022
1481425740,0.000129570587821
1481425800,0.000338064300121
1481425860,0.00011745046434399999
1481425920,0.00016334506020700002
1481425980,0.00010735454152
1481426040,0.00012073939852299996
1481426100,0.00013849190995700002
1481426160,0.000240117337435
1481426220,0.000146486300766
1481426280,0.000160882474333
1481426340,0.00012664662632
1481426400,0.00015790730693000002
1481426460,0.000119592752077
1481426520,0.00011239910662200001
1481426580,0.00021203769285400002
1481426640,0.00015101880684900002
1481426700,0.00013429616105500001
1481426760,0.000158386447869
1481426820,0.00019068274172000002
1481426880,0.00014135238659
1481426940,0.000153890256175
1481427000,0.00020980631730099997
1481427060,0.00013652727535299998
1481427120,9.87318333936e-05
1481427180,0.00012289448773200002
1481427240,0.000168018121266
1481427300,0.000577483242122
1481427360,0.00067769789475
1481427420,0.000152199677648
1481427480,0.000264455816119
1481427540,0.00015781691283700002
1481427600,0.00010038008867499996
1481427660,0.000332998573396
1481427720,0.000187093887257
1481427780,0.00016459098340200002
1481427840,0.00019918135390900002
1481427900,0.000167794226073
1481427960,0.00015974497179700002
1481428020,0.00012742255248700005
1481428080,0.000124100438973
1481428140,0.000139408391099
1481428200,0.00012560422046
1481428260,0.00017449253280299998
1481428320,0.00015317964365900002
1481428380,0.000105524191781
1481428440,0.000145579747298
1481428500,9.80052843465e-05
1481428560,9.94604724775e-05
1481428620,0.000184407406188
1481428680,0.000228726636805
1481428740,0.000212706504634
1481428800,0.00023987959574599997
1481428860,0.000160635849989
1481428920,0.000149866935311
1481428980,0.000419823927693
1481429040,0.00013526802817299998
1481429100,0.00018541062385900005
1481429160,0.00020203634419499998
1481429220,0.000185758092478
1481429280,0.000255199565585
1481429340,0.000110876776058
1481429400,0.00016754864674700006
1481429460,0.000110006275726
1481429520,9.62313656016e-05
1481429580,0.000127114272057
1481429640,9.78955574139e-05
1481429700,0.000161503215266
1481429760,0.000279720922492
1481429820,0.000219708127958
1481429880,0.000177975056642
1481429940,0.000137791747625
1481430000,0.000128203703746
1481430060,0.00015445717866100002
1481430120,0.000103804875247
1481430180,0.000147311865307
1481430240,0.000126654463958
1481430300,0.00010808971196799999
1481430360,0.000203209899866
1481430420,0.000293347962512
1481430480,0.00011052956869299996
1481430540,0.000235417367151
1481430600,0.00019666285955
1481430660,0.000152539308631
1481430720,9.71718821675e-05
1481430780,0.00015259652338799995
1481430840,9.92018304219e-05
1481430900,0.000125873312699
1481430960,0.000181729546523
1481431020,0.00012908308673499998
1481431080,0.00032562596854
1481431140,0.000171500383851
1481431200,0.00011859214695299999
1481431260,0.000110474705226
1481431320,8.68392626741e-05
1481431380,0.00020842715426
1481431440,0.000201501294771
1481431500,0.00011773523186
1481431560,0.000100079645883
1481431620,0.000138675833196
1481431680,0.000153626389028
1481431740,0.000272340479996
1481431800,9.30074838178e-05
1481431860,0.00011270320697799995
1481431920,0.000213957914176
1481431980,0.000143547970262
1481432040,9.16228344295e-05
1481432100,0.00019304448331700002
1481432160,9.90806082868e-05
1481432220,7.38674491953e-05
1481432280,5.74024004385e-05
1481432340,0.00015196742230800002
1481432400,0.00012487296883
1481432460,9.78668194077e-05
1481432520,8.38949233139e-05
1481432580,9.96585034654e-05
1481432640,0.000137478242103
1481432700,6.95964589683e-05
1481432760,0.000101657623677
1481432820,0.000151546802399
1481432880,0.000108716723012
1481432940,5.47415223211e-05
1481433000,0.000114490449708
1481433060,0.00017962644698
1481433120,8.73565467851e-05
1481433180,0.000118040899743
1481433240,9.83420415281e-05
1481433300,0.00010894140197000001
1481433360,0.000118446105631
1481433420,0.00022921257036400002
1481433480,0.000164532201117
1481433540,9.65171781359e-05
1481433600,0.000123252929045
1481433660,8.617045089399999e-05
1481433720,9.86662584887e-05
1481433780,6.238844451e-05
1481433840,5.88379944743e-05
1481433900,0.000156866207342
1481433960,0.000116969494622
1481434020,0.00011304309921500001
1481434080,0.00014700880996899998
1481434140,0.00010190842809399999
1481434200,9.91592459218e-05
1481434260,8.8366557075e-05
1481434320,0.00010228933730399998
1481434380,0.000141794168121
1481434440,0.00015609733505
1481434500,0.00017579096817299996
1481434560,0.000129977622491
1481434620,9.730198695899998e-05
1481434680,0.00010391225088900001
1481434740,0.000104905018375
1481434800,0.000109228259522
1481434860,0.00010625831721100002
1481434920,0.000117351187595
1481434980,0.00016796665411000002
1481435040,8.42632923022e-05
1481435100,0.00041545575075499996
1481435160,0.00013621115728499998
1481435220,0.000127169135523
1481435280,0.00012112892913400001
1481435340,0.00010402981545999996
1481435400,0.000165403746468
1481435460,0.000116240855538
1481435520,0.00011827602888500001
1481435580,0.00011350029476799999
1481435640,0.00010334271585700001
1481435700,0.000143546663989
1481435760,7.61931376587e-05
1481435820,0.00013776562216399999
1481435880,0.000182094257945
1481435940,0.00020087950882000002
1481436000,0.00013656123845100002
1481436060,0.00010768999242799999
1481436120,0.00010437989662600001
1481436180,8.85739932286e-05
1481436240,0.000121559737972
1481436300,8.8137698044e-05
1481436360,0.00013902460809
1481436420,0.00016265273551299998
1481436480,8.66879962597e-05
1481436540,0.00010450529883399999
1481436600,7.4599484589e-05
1481436660,8.30562960429e-05
1481436720,8.682881249e-05
1481436780,0.00010478222871200001
1481436840,7.51664070744e-05
1481436900,8.05012260391e-05
1481436960,0.000123200678125
1481437020,0.000124645416072
1481437080,0.000111405032863
1481437140,9.06431296733e-05
1481437200,0.000145409931807
1481437260,4.8359072404e-05
1481437320,0.00011262247930600001
1481437380,5.95120313464e-05
1481437440,8.61809010779e-05
1481437500,0.000194410844883
1481437560,6.42120016293e-05
1481437620,0.00010754630239700002
1481437680,8.2593875398e-05
1481437740,0.00024189360747099999
1481437800,0.00017221961776900006
1481437860,0.000180266520754
1481437920,0.00010422836895700001
1481437980,4.28962386845e-05
1481438040,9.6962355977e-05
1481438100,9.88857123539e-05
1481438160,0.00031878893561599996
1481438220,0.000140597622046
1481438280,0.00010920788166299999
1481438340,5.52692566164e-05
1481438400,0.00014745033024599999
1481438460,6.81073077391e-05
1481438520,2.80831027735e-05
1481438580,7.79435434894e-05
1481438640,0.00014277387287700002
1481438700,9.04550263602e-05
1481438760,0.00010494681911100001
1481438820,7.27346492427e-05
1481438880,0.00011168196274
1481438940,0.00013405841936799999
1481439000,0.00017433891509699998
1481439060,0.000100910435516
1481439120,0.00018302536934700002
1481439180,9.50740077166e-05
1481439240,6.79740678923e-05
1481439300,0.00010002216987100001
1481439360,4.4468991386000015e-05
1481439420,0.000121601799963
1481439480,0.000102125269414
1481439540,5.34770500493e-05
1481439600,8.24083846308e-05
1481439660,7.27163614205e-05
1481439720,5.14392641569e-05
1481439780,4.57726518481e-05
1481439900,0.0761523434434
1481440020,0.0641550923302
1481440080,0.0573369461891
1481440560,0.121287633672
1481440620,0.063400543847
1481440680,0.0765317107459
1481440740,0.0565279781205
1481440800,0.05751032140700001
1481454720,0.181632325931
1481510340,0.160018854991
1481510400,0.0337069854166
1481530020,0.11955893972500001
1481532480,0.122841557028
1481540040,0.195537227706
1481540100,0.0766243286943
1481541060,0.141156363865
1481544900,0.130027733058
1481548380,0.130510706879
1481548440,0.036402847958300004
1481580420,0.0008801146997419998
1481580540,0.000755054306211
1481580780,0.000850986267776
1481581080,0.0008091250481839999
1481581200,0.0005703416747630001
1481581620,0.000685285606892
1481581740,0.000574527796722
1481581860,0.0005434807255249999
1481581920,0.00138837967428
1481581980,0.0008808123867350002
1481582100,0.0008248230055310001
1481582160,0.0007311585266939999
1481605080,0.138524514105
1481606040,0.00101931675594
1481612160,0.10006696050899999
1481619180,0.14476741732
1481621160,0.176518280271
1481621220,0.14951918900900002
1481624700,0.138952196231
1481630880,0.13476607427200002
1481631120,0.046226629665999996
1481631180,0.07816918211900001
1481706780,0.31113220909899997
1481706840,0.08484494651900001
1481706960,0.251768734631
1481707020,0.214888215374
1481707080,0.301808187655
1481707140,0.229447164476
1481707200,0.0329653004273
1481707560,0.169403048548
1481707620,0.161162122544
1481707680,0.138026768258
1481707740,0.282786941836
1481707800,0.194213983147
1481707860,0.280769628672
1481707920,0.349824275576
1481707980,0.314369996726
1481708040,0.315368566742
1481708100,0.324791436529
1481708160,0.267677266239
1481708220,0.273196635056
1481708280,0.26770954325
1481708340,0.305023784839
1481708400,0.27278510317
1481708460,0.301315963244
1481708520,0.309550635577
1481708580,0.218600071595
1481708640,0.152871570635
1481708700,0.11810660769200006
1481713260,0.171046321184
1481713320,0.0792690856638
1481715780,0.154101248336
1481715840,0.08323438968960001
1481716860,0.136796517844
1481717220,0.146061975536
1481717280,0.0709120164375
1481717940,0.157211188109
1481718000,0.09531588650730001
1481718060,0.05493864715
1481718120,0.0474196744244
1481718180,0.144464621165
1481718240,0.050146584037300004
1481753520,0.00011265900722600001
1481756100,0.000139171112968
1481771040,0.252688257753
1481771100,0.0658189013872
1481782680,0.11531874702400001
1481789520,0.239053709689
1481789580,0.0461924430033
1481789640,0.0638134001252
1481796720,0.22046209553800009
1481796780,0.110074757161
1481796840,0.121539324255
1481803380,0.27134091951699996
1481803440,0.0827139151927
1481803500,0.0689951214237
1481807160,0.195599066563
1481807220,0.0533393534674
1481807280,0.0642253871272
1481807340,0.158279109843
1481807400,0.13509348273900001
1481807460,0.189737346375
1481807520,0.144246237952
1481807580,0.0207242452
1481807640,0.00124740531348
1481807940,0.10649838326700001
1481808000,0.101317571251
1481808120,0.177779285007
1481808180,0.12209624059900001
1481808240,0.176511063416
1481808300,0.219923556655
1481808360,0.1976345622150001
1481808420,0.19826233190200002
1481808480,0.20418619494800005
1481808540,0.16828030529899998
1481808600,0.171750159569
1481808660,0.168300596845
1481808720,0.19175889159
1481808780,0.17149144236400002
1481809020,0.0961055609833
1481809080,0.074249917861
1481809200,0.022471782921700004
1481809260,0.0209176851443
1481856540,0.11738093535399999
1481857020,0.12265021637
1481869980,0.257057522548
1481870040,0.0501284441754
1481870100,0.08015375277110001
1481870460,0.241973529755
1481870520,0.068404529384
1481870580,0.0897553211715
1481871360,0.13366826378799998
1481871420,0.0263915628712
1481881560,0.20885956084100002
1481881620,0.147767645812
1481881680,0.17446708051100002
1481881800,0.12973226261600002
1481882040,0.240490944895
1481882100,0.153349665023
1481882160,0.126953898588
1481882220,0.140748216974
1481882280,0.19720295540199997
1481882340,0.182040472822
1481882400,0.166919153775
1481882520,0.18702370217099998
1481882580,0.18946037399500001
1481882940,0.222994699323
1481883000,0.119982610152
1481883060,0.12678575602199998
1481887260,0.20350132473299998
1481887320,0.110346680667
1481887380,0.101332215871
1482044280,0.194515116261
1482044340,0.046535007317000006
1482044400,0.0547077127553
1482060180,0.172281576005
1482060240,0.09519222148769999
1482099120,0.00025987096279099996
1482143580,0.09211960796970001
1482185220,0.000531968890137
1482225780,0.215853872948
1482225840,0.0668952579959
1482226740,0.15105008869300002
1482227040,0.148338528194
1482229320,0.18438295690200002
1482229380,0.0793644943601
1482233820,0.159364773435
1482233880,0.0651892388758
1482237960,0.130868097041
1482238020,0.0546881775195
1482273840,0.0008515095330210001
1482274080,0.000956337003748
1482284700,0.104096800582
1482284760,0.182420712234
1482284820,0.0866579397652
1482284880,0.09201408281199999
1482301920,0.12155013840399999
1482301980,0.048869816839699994
1482317220,0.14134142534000002
1482358800,0.00054906222147
1482358920,0.000215567838723
1482369360,0.11657458361199999
1482394620,0.13110688041500002
1482394740,0.101476985922
1482397860,0.150549847119
1482398460,0.14824730562000002
1482398520,0.131064147086
1482399360,0.17466940973900005
1482399420,0.128042639141
1482405960,0.1735021794
1482406020,0.08966444744060001
1482406080,0.0838251561511
1482406260,0.13524468755000002
1482412440,0.254260682814
1482412500,0.045789332302900006
1482412560,0.048151452051499996
1482415680,0.19399320275499998
1482415740,0.0449345659944
1482415800,0.0446262793382
1482415980,0.0880676221521
1482418620,0.161295895575
1482418680,0.033974761063
1482418740,0.10505684084400001
1482418800,0.0620859252774
1482419580,0.159413141192
1482419640,0.0833832121617
1482419700,0.0507601802173
1482422580,0.14848511623400001
1482422640,0.043635716364199995
1482422700,0.0527092648427
1482426000,0.123206969443
1482426060,0.0337003451686
1482426120,0.039634941703699994
1482430980,0.11405350060200001
1482431040,0.057601708215800004
1482432900,0.115541618795
1482432960,0.135591750776
1482433020,0.0304543448918
1482433080,0.0529136393468
1482465240,0.144234210035
